<?xml version="1.0" encoding="UTF-8"?>
<beans xmlns="http://www.springframework.org/schema/beans" xmlns:xsi="http://www.w3.org/2001/XMLSchema-instance" xmlns:c="http://www.springframework.org/schema/c" xmlns:cache="http://www.springframework.org/schema/cache" xmlns:context="http://www.springframework.org/schema/context" xmlns:jdbc="http://www.springframework.org/schema/jdbc" xmlns:jee="http://www.springframework.org/schema/jee" xmlns:lang="http://www.springframework.org/schema/lang" xmlns:mybatis-spring="http://mybatis.org/schema/mybatis-spring" xmlns:p="http://www.springframework.org/schema/p" xmlns:tx="http://www.springframework.org/schema/tx" xmlns:util="http://www.springframework.org/schema/util" xmlns:mvc="http://www.springframework.org/schema/mvc"
	xsi:schemaLocation="
		http://www.springframework.org/schema/beans http://www.springframework.org/schema/beans/spring-beans.xsd
		http://www.springframework.org/schema/cache http://www.springframework.org/schema/cache/spring-cache.xsd
		http://www.springframework.org/schema/context http://www.springframework.org/schema/context/spring-context.xsd
		http://www.springframework.org/schema/jdbc http://www.springframework.org/schema/jdbc/spring-jdbc-4.0.xsd
		http://www.springframework.org/schema/jee http://www.springframework.org/schema/jee/spring-jee.xsd
		http://www.springframework.org/schema/lang http://www.springframework.org/schema/lang/spring-lang.xsd
		http://mybatis.org/schema/mybatis-spring http://mybatis.org/schema/mybatis-spring.xsd
		http://www.springframework.org/schema/tx http://www.springframework.org/schema/tx/spring-tx.xsd
		http://www.springframework.org/schema/util http://www.springframework.org/schema/util/spring-util.xsd
		http://www.springframework.org/schema/mvc http://www.springframework.org/schema/mvc/spring-mvc-4.0.xsd
		">

	<context:annotation-config />

	<context:component-scan base-package="com.iam_vip.sync.action" />

	<!-- <mvc:annotation-driven /> -->

	<!-- 映射静态资源URL -->
	<mvc:resources mapping="/static_r/**" location="/static_r/" />

	<mvc:interceptors>
		<!-- 全局 拦截器/过滤器 -->
		<mvc:interceptor>
			<mvc:mapping path="/**" />
			<!-- path=/** 为过滤所有请求, so 此处需要忽略掉静态资源URL -->
			<mvc:exclude-mapping path="/static_r/**" />
			<bean class="com.iam_vip.sync.rs.adapter.PrivilegeHandlerInterceptorAdapter" />
		</mvc:interceptor>
		<!-- 当前拦截器主要过滤静态资源,可以不要 -->
		<mvc:interceptor>
			<mvc:mapping path="/static_r/**" />
			<bean class="com.iam_vip.sync.rs.adapter.ResourceHandlerInterceptorAdapter" />
		</mvc:interceptor>
	</mvc:interceptors>

	<bean class="org.springframework.web.servlet.view.InternalResourceViewResolver">
		<property name="prefix" value="/" />
	</bean>

	<bean class="org.springframework.web.servlet.mvc.method.annotation.RequestMappingHandlerMapping">
		<property name="useSuffixPatternMatch" value="false" />
		<property name="useRegisteredSuffixPatternMatch" value="false" />
		<property name="useTrailingSlashMatch" value="true" />
	</bean>

	<bean class="org.springframework.web.servlet.mvc.method.annotation.RequestMappingHandlerAdapter">
		<property name="cacheSeconds" value="0" />
		<property name="messageConverters">
			<list>
				<bean class="org.springframework.http.converter.json.MappingJackson2HttpMessageConverter"></bean>
			</list>
		</property>
	</bean>

	<bean id="multipartResolver" class="org.springframework.web.multipart.commons.CommonsMultipartResolver">
		<property name="maxUploadSize" value="524288000"></property>
	</bean>

</beans>